Cement (component 1)(kg in a m^3 mixture),Blast Furnace Slag (component 2)(kg in a m^3 mixture),Fly Ash (component 3)(kg in a m^3 mixture),Water  (component 4)(kg in a m^3 mixture),Superplasticizer (component 5)(kg in a m^3 mixture),Coarse Aggregate  (component 6)(kg in a m^3 mixture),Fine Aggregate (component 7)(kg in a m^3 mixture),Age (day),"Concrete compressive strength(MPa, megapascals) ",Water to Cement Ratio (W/C),Blast Furnace/Cement,Fly Ash/Cement
540,0,0,162,2.5,1040,676,28,79.99,0.3,0,0
540,0,0,162,2.5,1055,676,28,61.89,0.3,0,0
332.5,142.5,0,228,0,932,594,270,40.27,0.685714286,0.428571429,0
332.5,142.5,0,228,0,932,594,365,41.05,0.685714286,0.428571429,0
198.6,132.4,0,192,0,978.4,825.5,360,44.3,0.966767372,0.666666667,0
266,114,0,228,0,932,670,90,47.03,0.857142857,0.428571429,0
380,95,0,228,0,932,594,365,43.7,0.6,0.25,0
380,95,0,228,0,932,594,28,36.45,0.6,0.25,0
266,114,0,228,0,932,670,28,45.85,0.857142857,0.428571429,0
475,0,0,228,0,932,594,28,39.29,0.48,0,0
198.6,132.4,0,192,0,978.4,825.5,90,38.07,0.966767372,0.666666667,0
198.6,132.4,0,192,0,978.4,825.5,28,28.02,0.966767372,0.666666667,0
427.5,47.5,0,228,0,932,594,270,43.01,0.533333333,0.111111111,0
190,190,0,228,0,932,670,90,42.33,1.2,1,0
304,76,0,228,0,932,670,28,47.81,0.75,0.25,0
380,0,0,228,0,932,670,90,52.91,0.6,0,0
139.6,209.4,0,192,0,1047,806.9,90,39.36,1.375358166,1.5,0
342,38,0,228,0,932,670,365,56.14,0.666666667,0.111111111,0
380,95,0,228,0,932,594,90,40.56,0.6,0.25,0
475,0,0,228,0,932,594,180,42.62,0.48,0,0
427.5,47.5,0,228,0,932,594,180,41.84,0.533333333,0.111111111,0
139.6,209.4,0,192,0,1047,806.9,28,28.24,1.375358166,1.5,0
139.6,209.4,0,192,0,1047,806.9,3,8.06,1.375358166,1.5,0
139.6,209.4,0,192,0,1047,806.9,180,44.21,1.375358166,1.5,0
380,0,0,228,0,932,670,365,52.52,0.6,0,0
380,0,0,228,0,932,670,270,53.3,0.6,0,0
380,95,0,228,0,932,594,270,41.15,0.6,0.25,0
342,38,0,228,0,932,670,180,52.12,0.666666667,0.111111111,0
427.5,47.5,0,228,0,932,594,28,37.43,0.533333333,0.111111111,0
475,0,0,228,0,932,594,7,38.6,0.48,0,0
304,76,0,228,0,932,670,365,55.26,0.75,0.25,0
266,114,0,228,0,932,670,365,52.91,0.857142857,0.428571429,0
198.6,132.4,0,192,0,978.4,825.5,180,41.72,0.966767372,0.666666667,0
475,0,0,228,0,932,594,270,42.13,0.48,0,0
190,190,0,228,0,932,670,365,53.69,1.2,1,0
237.5,237.5,0,228,0,932,594,270,38.41,0.96,1,0
237.5,237.5,0,228,0,932,594,28,30.08,0.96,1,0
332.5,142.5,0,228,0,932,594,90,37.72,0.685714286,0.428571429,0
475,0,0,228,0,932,594,90,42.23,0.48,0,0
237.5,237.5,0,228,0,932,594,180,36.25,0.96,1,0
342,38,0,228,0,932,670,90,50.46,0.666666667,0.111111111,0
427.5,47.5,0,228,0,932,594,365,43.7,0.533333333,0.111111111,0
237.5,237.5,0,228,0,932,594,365,39,0.96,1,0
380,0,0,228,0,932,670,180,53.1,0.6,0,0
427.5,47.5,0,228,0,932,594,90,41.54,0.533333333,0.111111111,0
427.5,47.5,0,228,0,932,594,7,35.08,0.533333333,0.111111111,0
349,0,0,192,0,1047,806.9,3,15.05,0.550143266,0,0
380,95,0,228,0,932,594,180,40.76,0.6,0.25,0
237.5,237.5,0,228,0,932,594,7,26.26,0.96,1,0
380,95,0,228,0,932,594,7,32.82,0.6,0.25,0
332.5,142.5,0,228,0,932,594,180,39.78,0.685714286,0.428571429,0
190,190,0,228,0,932,670,180,46.93,1.2,1,0
237.5,237.5,0,228,0,932,594,90,33.12,0.96,1,0
304,76,0,228,0,932,670,90,49.19,0.75,0.25,0
139.6,209.4,0,192,0,1047,806.9,7,14.59,1.375358166,1.5,0
198.6,132.4,0,192,0,978.4,825.5,7,14.64,0.966767372,0.666666667,0
475,0,0,228,0,932,594,365,41.93,0.48,0,0
198.6,132.4,0,192,0,978.4,825.5,3,9.13,0.966767372,0.666666667,0
304,76,0,228,0,932,670,180,50.95,0.75,0.25,0
332.5,142.5,0,228,0,932,594,28,33.02,0.685714286,0.428571429,0
304,76,0,228,0,932,670,270,54.38,0.75,0.25,0
266,114,0,228,0,932,670,270,51.73,0.857142857,0.428571429,0
310,0,0,192,0,971,850.6,3,9.87,0.619354839,0,0
190,190,0,228,0,932,670,270,50.66,1.2,1,0
266,114,0,228,0,932,670,180,48.7,0.857142857,0.428571429,0
342,38,0,228,0,932,670,270,55.06,0.666666667,0.111111111,0
139.6,209.4,0,192,0,1047,806.9,360,44.7,1.375358166,1.5,0
332.5,142.5,0,228,0,932,594,7,30.28,0.685714286,0.428571429,0
190,190,0,228,0,932,670,28,40.86,1.2,1,0
485,0,0,146,0,1120,800,28,71.99,0.301030928,0,0
374,189.2,0,170.1,10.1,926.1,756.7,3,34.4,0.454812834,0.505882353,0
313.3,262.2,0,175.5,8.6,1046.9,611.8,3,28.8,0.560165975,0.836897542,0
425,106.3,0,153.5,16.5,852.1,887.1,3,33.4,0.361176471,0.250117647,0
425,106.3,0,151.4,18.6,936,803.7,3,36.3,0.356235294,0.250117647,0
375,93.8,0,126.6,23.4,852.1,992.6,3,29,0.3376,0.250133333,0
475,118.8,0,181.1,8.9,852.1,781.5,3,37.8,0.381263158,0.250105263,0
469,117.2,0,137.8,32.2,852.1,840.5,3,40.2,0.293816631,0.24989339,0
425,106.3,0,153.5,16.5,852.1,887.1,3,33.4,0.361176471,0.250117647,0
388.6,97.1,0,157.9,12.1,852.1,925.7,3,28.1,0.406330417,0.249871333,0
531.3,0,0,141.8,28.2,852.1,893.7,3,41.3,0.266892528,0,0
425,106.3,0,153.5,16.5,852.1,887.1,3,33.4,0.361176471,0.250117647,0
318.8,212.5,0,155.7,14.3,852.1,880.4,3,25.2,0.488393977,0.666562108,0
401.8,94.7,0,147.4,11.4,946.8,852.1,3,41.1,0.366849179,0.235689398,0
362.6,189,0,164.9,11.6,944.7,755.8,3,35.3,0.454771098,0.521235521,0
323.7,282.8,0,183.8,10.3,942.7,659.9,3,28.3,0.5678097,0.87364844,0
379.5,151.2,0,153.9,15.9,1134.3,605,3,28.6,0.405533597,0.398418972,0
362.6,189,0,164.9,11.6,944.7,755.8,3,35.3,0.454771098,0.521235521,0
286.3,200.9,0,144.7,11.2,1004.6,803.7,3,24.4,0.505413902,0.701711491,0
362.6,189,0,164.9,11.6,944.7,755.8,3,35.3,0.454771098,0.521235521,0
439,177,0,186,11.1,884.9,707.9,3,39.3,0.423690205,0.403189066,0
389.9,189,0,145.9,22,944.7,755.8,3,40.6,0.374198512,0.484739677,0
362.6,189,0,164.9,11.6,944.7,755.8,3,35.3,0.454771098,0.521235521,0
337.9,189,0,174.9,9.5,944.7,755.8,3,24.1,0.51760876,0.559337082,0
374,189.2,0,170.1,10.1,926.1,756.7,7,46.2,0.454812834,0.505882353,0
313.3,262.2,0,175.5,8.6,1046.9,611.8,7,42.8,0.560165975,0.836897542,0
425,106.3,0,153.5,16.5,852.1,887.1,7,49.2,0.361176471,0.250117647,0
425,106.3,0,151.4,18.6,936,803.7,7,46.8,0.356235294,0.250117647,0
375,93.8,0,126.6,23.4,852.1,992.6,7,45.7,0.3376,0.250133333,0
475,118.8,0,181.1,8.9,852.1,781.5,7,55.6,0.381263158,0.250105263,0
469,117.2,0,137.8,32.2,852.1,840.5,7,54.9,0.293816631,0.24989339,0
425,106.3,0,153.5,16.5,852.1,887.1,7,49.2,0.361176471,0.250117647,0
388.6,97.1,0,157.9,12.1,852.1,925.7,7,34.9,0.406330417,0.249871333,0
531.3,0,0,141.8,28.2,852.1,893.7,7,46.9,0.266892528,0,0
425,106.3,0,153.5,16.5,852.1,887.1,7,49.2,0.361176471,0.250117647,0
318.8,212.5,0,155.7,14.3,852.1,880.4,7,33.4,0.488393977,0.666562108,0
401.8,94.7,0,147.4,11.4,946.8,852.1,7,54.1,0.366849179,0.235689398,0
362.6,189,0,164.9,11.6,944.7,755.8,7,55.9,0.454771098,0.521235521,0
323.7,282.8,0,183.8,10.3,942.7,659.9,7,49.8,0.5678097,0.87364844,0
379.5,151.2,0,153.9,15.9,1134.3,605,7,47.1,0.405533597,0.398418972,0
362.6,189,0,164.9,11.6,944.7,755.8,7,55.9,0.454771098,0.521235521,0
286.3,200.9,0,144.7,11.2,1004.6,803.7,7,38,0.505413902,0.701711491,0
362.6,189,0,164.9,11.6,944.7,755.8,7,55.9,0.454771098,0.521235521,0
439,177,0,186,11.1,884.9,707.9,7,56.1,0.423690205,0.403189066,0
389.9,189,0,145.9,22,944.7,755.8,7,59.09,0.374198512,0.484739677,0
362.6,189,0,164.9,11.6,944.7,755.8,7,22.9,0.454771098,0.521235521,0
337.9,189,0,174.9,9.5,944.7,755.8,7,35.1,0.51760876,0.559337082,0
374,189.2,0,170.1,10.1,926.1,756.7,28,61.09,0.454812834,0.505882353,0
313.3,262.2,0,175.5,8.6,1046.9,611.8,28,59.8,0.560165975,0.836897542,0
425,106.3,0,153.5,16.5,852.1,887.1,28,60.29,0.361176471,0.250117647,0
425,106.3,0,151.4,18.6,936,803.7,28,61.8,0.356235294,0.250117647,0
375,93.8,0,126.6,23.4,852.1,992.6,28,56.7,0.3376,0.250133333,0
475,118.8,0,181.1,8.9,852.1,781.5,28,68.3,0.381263158,0.250105263,0
469,117.2,0,137.8,32.2,852.1,840.5,28,66.9,0.293816631,0.24989339,0
425,106.3,0,153.5,16.5,852.1,887.1,28,60.29,0.361176471,0.250117647,0
388.6,97.1,0,157.9,12.1,852.1,925.7,28,50.7,0.406330417,0.249871333,0
531.3,0,0,141.8,28.2,852.1,893.7,28,56.4,0.266892528,0,0
425,106.3,0,153.5,16.5,852.1,887.1,28,60.29,0.361176471,0.250117647,0
318.8,212.5,0,155.7,14.3,852.1,880.4,28,55.5,0.488393977,0.666562108,0
401.8,94.7,0,147.4,11.4,946.8,852.1,28,68.5,0.366849179,0.235689398,0
362.6,189,0,164.9,11.6,944.7,755.8,28,71.3,0.454771098,0.521235521,0
323.7,282.8,0,183.8,10.3,942.7,659.9,28,74.7,0.5678097,0.87364844,0
379.5,151.2,0,153.9,15.9,1134.3,605,28,52.2,0.405533597,0.398418972,0
362.6,189,0,164.9,11.6,944.7,755.8,28,71.3,0.454771098,0.521235521,0
286.3,200.9,0,144.7,11.2,1004.6,803.7,28,67.7,0.505413902,0.701711491,0
362.6,189,0,164.9,11.6,944.7,755.8,28,71.3,0.454771098,0.521235521,0
439,177,0,186,11.1,884.9,707.9,28,66,0.423690205,0.403189066,0
389.9,189,0,145.9,22,944.7,755.8,28,74.5,0.374198512,0.484739677,0
362.6,189,0,164.9,11.6,944.7,755.8,28,71.3,0.454771098,0.521235521,0
337.9,189,0,174.9,9.5,944.7,755.8,28,49.9,0.51760876,0.559337082,0
374,189.2,0,170.1,10.1,926.1,756.7,56,63.4,0.454812834,0.505882353,0
313.3,262.2,0,175.5,8.6,1046.9,611.8,56,64.9,0.560165975,0.836897542,0
425,106.3,0,153.5,16.5,852.1,887.1,56,64.3,0.361176471,0.250117647,0
425,106.3,0,151.4,18.6,936,803.7,56,64.9,0.356235294,0.250117647,0
375,93.8,0,126.6,23.4,852.1,992.6,56,60.2,0.3376,0.250133333,0
475,118.8,0,181.1,8.9,852.1,781.5,56,72.3,0.381263158,0.250105263,0
469,117.2,0,137.8,32.2,852.1,840.5,56,69.3,0.293816631,0.24989339,0
425,106.3,0,153.5,16.5,852.1,887.1,56,64.3,0.361176471,0.250117647,0
388.6,97.1,0,157.9,12.1,852.1,925.7,56,55.2,0.406330417,0.249871333,0
531.3,0,0,141.8,28.2,852.1,893.7,56,58.8,0.266892528,0,0
425,106.3,0,153.5,16.5,852.1,887.1,56,64.3,0.361176471,0.250117647,0
318.8,212.5,0,155.7,14.3,852.1,880.4,56,66.1,0.488393977,0.666562108,0
401.8,94.7,0,147.4,11.4,946.8,852.1,56,73.7,0.366849179,0.235689398,0
362.6,189,0,164.9,11.6,944.7,755.8,56,77.3,0.454771098,0.521235521,0
323.7,282.8,0,183.8,10.3,942.7,659.9,56,80.2,0.5678097,0.87364844,0
379.5,151.2,0,153.9,15.9,1134.3,605,56,54.9,0.405533597,0.398418972,0
362.6,189,0,164.9,11.6,944.7,755.8,56,77.3,0.454771098,0.521235521,0
286.3,200.9,0,144.7,11.2,1004.6,803.7,56,72.99,0.505413902,0.701711491,0
362.6,189,0,164.9,11.6,944.7,755.8,56,77.3,0.454771098,0.521235521,0
439,177,0,186,11.1,884.9,707.9,56,71.7,0.423690205,0.403189066,0
389.9,189,0,145.9,22,944.7,755.8,56,79.4,0.374198512,0.484739677,0
362.6,189,0,164.9,11.6,944.7,755.8,56,77.3,0.454771098,0.521235521,0
337.9,189,0,174.9,9.5,944.7,755.8,56,59.89,0.51760876,0.559337082,0
374,189.2,0,170.1,10.1,926.1,756.7,91,64.9,0.454812834,0.505882353,0
313.3,262.2,0,175.5,8.6,1046.9,611.8,91,66.6,0.560165975,0.836897542,0
425,106.3,0,153.5,16.5,852.1,887.1,91,65.2,0.361176471,0.250117647,0
425,106.3,0,151.4,18.6,936,803.7,91,66.7,0.356235294,0.250117647,0
375,93.8,0,126.6,23.4,852.1,992.6,91,62.5,0.3376,0.250133333,0
475,118.8,0,181.1,8.9,852.1,781.5,91,74.19,0.381263158,0.250105263,0
469,117.2,0,137.8,32.2,852.1,840.5,91,70.7,0.293816631,0.24989339,0
425,106.3,0,153.5,16.5,852.1,887.1,91,65.2,0.361176471,0.250117647,0
388.6,97.1,0,157.9,12.1,852.1,925.7,91,57.6,0.406330417,0.249871333,0
531.3,0,0,141.8,28.2,852.1,893.7,91,59.2,0.266892528,0,0
425,106.3,0,153.5,16.5,852.1,887.1,91,65.2,0.361176471,0.250117647,0
318.8,212.5,0,155.7,14.3,852.1,880.4,91,68.1,0.488393977,0.666562108,0
401.8,94.7,0,147.4,11.4,946.8,852.1,91,75.5,0.366849179,0.235689398,0
362.6,189,0,164.9,11.6,944.7,755.8,91,79.3,0.454771098,0.521235521,0
379.5,151.2,0,153.9,15.9,1134.3,605,91,56.5,0.405533597,0.398418972,0
362.6,189,0,164.9,11.6,944.7,755.8,91,79.3,0.454771098,0.521235521,0
286.3,200.9,0,144.7,11.2,1004.6,803.7,91,76.8,0.505413902,0.701711491,0
362.6,189,0,164.9,11.6,944.7,755.8,91,79.3,0.454771098,0.521235521,0
439,177,0,186,11.1,884.9,707.9,91,73.3,0.423690205,0.403189066,0
389.9,189,0,145.9,22,944.7,755.8,91,82.6,0.374198512,0.484739677,0
362.6,189,0,164.9,11.6,944.7,755.8,91,79.3,0.454771098,0.521235521,0
337.9,189,0,174.9,9.5,944.7,755.8,91,67.8,0.51760876,0.559337082,0
222.4,0,96.7,189.3,4.5,967.1,870.3,3,11.58,0.851277208,0,0.434802158
222.4,0,96.7,189.3,4.5,967.1,870.3,14,24.45,0.851277208,0,0.434802158
222.4,0,96.7,189.3,4.5,967.1,870.3,28,24.89,0.851277208,0,0.434802158
222.4,0,96.7,189.3,4.5,967.1,870.3,56,29.45,0.851277208,0,0.434802158
222.4,0,96.7,189.3,4.5,967.1,870.3,100,40.71,0.851277208,0,0.434802158
233.8,0,94.6,197.9,4.6,947,852.2,3,10.38,0.846370985,0,0.404619333
233.8,0,94.6,197.9,4.6,947,852.2,14,22.14,0.846370985,0,0.404619333
233.8,0,94.6,197.9,4.6,947,852.2,28,22.84,0.846370985,0,0.404619333
233.8,0,94.6,197.9,4.6,947,852.2,56,27.66,0.846370985,0,0.404619333
233.8,0,94.6,197.9,4.6,947,852.2,100,34.56,0.846370985,0,0.404619333
194.7,0,100.5,165.6,7.5,1006.4,905.9,3,12.45,0.850729402,0,0.516178737
194.7,0,100.5,165.6,7.5,1006.4,905.9,14,24.99,0.850729402,0,0.516178737
194.7,0,100.5,165.6,7.5,1006.4,905.9,28,25.72,0.850729402,0,0.516178737
194.7,0,100.5,165.6,7.5,1006.4,905.9,56,33.96,0.850729402,0,0.516178737
194.7,0,100.5,165.6,7.5,1006.4,905.9,100,37.34,0.850729402,0,0.516178737
190.7,0,125.4,162.1,7.8,1090,804,3,15.04,0.850325152,0,0.657577347
190.7,0,125.4,162.1,7.8,1090,804,14,21.06,0.850325152,0,0.657577347
190.7,0,125.4,162.1,7.8,1090,804,28,26.4,0.850325152,0,0.657577347
190.7,0,125.4,162.1,7.8,1090,804,56,35.34,0.850325152,0,0.657577347
190.7,0,125.4,162.1,7.8,1090,804,100,40.57,0.850325152,0,0.657577347
212.1,0,121.6,180.3,5.7,1057.6,779.3,3,12.47,0.850238129,0,0.573314474
212.1,0,121.6,180.3,5.7,1057.6,779.3,14,20.92,0.850238129,0,0.573314474
212.1,0,121.6,180.3,5.7,1057.6,779.3,28,24.9,0.850238129,0,0.573314474
212.1,0,121.6,180.3,5.7,1057.6,779.3,56,34.2,0.850238129,0,0.573314474
212.1,0,121.6,180.3,5.7,1057.6,779.3,100,39.61,0.850238129,0,0.573314474
230,0,118.3,195.5,4.6,1029.4,758.6,3,10.03,0.849980432,0,0.514347826
230,0,118.3,195.5,4.6,1029.4,758.6,14,20.08,0.849980432,0,0.514347826
230,0,118.3,195.5,4.6,1029.4,758.6,28,24.48,0.849980432,0,0.514347826
230,0,118.3,195.5,4.6,1029.4,758.6,56,31.54,0.849980432,0,0.514347826
230,0,118.3,195.5,4.6,1029.4,758.6,100,35.34,0.849980432,0,0.514347826
190.3,0,125.2,161.9,9.9,1088.1,802.6,3,9.45,0.850320479,0,0.657908565
190.3,0,125.2,161.9,9.9,1088.1,802.6,14,22.72,0.850320479,0,0.657908565
190.3,0,125.2,161.9,9.9,1088.1,802.6,28,28.47,0.850320479,0,0.657908565
190.3,0,125.2,161.9,9.9,1088.1,802.6,56,38.56,0.850320479,0,0.657908565
190.3,0,125.2,161.9,9.9,1088.1,802.6,100,40.39,0.850320479,0,0.657908565
166.1,0,163.3,176.5,4.5,1058.6,780.1,3,10.76,1.062436029,0,0.983142685
166.1,0,163.3,176.5,4.5,1058.6,780.1,14,25.48,1.062436029,0,0.983142685
166.1,0,163.3,176.5,4.5,1058.6,780.1,28,21.54,1.062436029,0,0.983142685
166.1,0,163.3,176.5,4.5,1058.6,780.1,56,28.63,1.062436029,0,0.983142685
166.1,0,163.3,176.5,4.5,1058.6,780.1,100,33.54,1.062436029,0,0.983142685
168,42.1,163.8,121.8,5.7,1058.7,780.1,3,7.75,0.72491813,0.250595238,0.975
168,42.1,163.8,121.8,5.7,1058.7,780.1,14,17.82,0.72491813,0.250595238,0.975
168,42.1,163.8,121.8,5.7,1058.7,780.1,28,24.24,0.72491813,0.250595238,0.975
168,42.1,163.8,121.8,5.7,1058.7,780.1,56,32.85,0.72491813,0.250595238,0.975
168,42.1,163.8,121.8,5.7,1058.7,780.1,100,39.23,0.72491813,0.250595238,0.975
213.7,98.1,24.5,181.7,6.9,1065.8,785.4,3,18,0.850224593,0.45905475,0.114646701
213.7,98.1,24.5,181.7,6.9,1065.8,785.4,14,30.39,0.850224593,0.45905475,0.114646701
213.7,98.1,24.5,181.7,6.9,1065.8,785.4,28,45.71,0.850224593,0.45905475,0.114646701
213.7,98.1,24.5,181.7,6.9,1065.8,785.4,56,50.77,0.850224593,0.45905475,0.114646701
213.7,98.1,24.5,181.7,6.9,1065.8,785.4,100,53.9,0.850224593,0.45905475,0.114646701
213.8,98.1,24.5,181.7,6.7,1066,785.5,3,13.18,0.850205838,0.458840037,0.114593078
213.8,98.1,24.5,181.7,6.7,1066,785.5,14,17.84,0.850205838,0.458840037,0.114593078
213.8,98.1,24.5,181.7,6.7,1066,785.5,28,40.23,0.850205838,0.458840037,0.114593078
213.8,98.1,24.5,181.7,6.7,1066,785.5,56,47.13,0.850205838,0.458840037,0.114593078
213.8,98.1,24.5,181.7,6.7,1066,785.5,100,49.97,0.850205838,0.458840037,0.114593078
229.7,0,118.2,195.2,6.1,1028.1,757.6,3,13.36,0.850008708,0,0.51458424
229.7,0,118.2,195.2,6.1,1028.1,757.6,14,22.32,0.850008708,0,0.51458424
229.7,0,118.2,195.2,6.1,1028.1,757.6,28,24.54,0.850008708,0,0.51458424
229.7,0,118.2,195.2,6.1,1028.1,757.6,56,31.35,0.850008708,0,0.51458424
229.7,0,118.2,195.2,6.1,1028.1,757.6,100,40.86,0.850008708,0,0.51458424
238.1,0,94.1,186.7,7,949.9,847,3,19.93,0.784120983,0,0.395212096
238.1,0,94.1,186.7,7,949.9,847,14,25.69,0.784120983,0,0.395212096
238.1,0,94.1,186.7,7,949.9,847,28,30.23,0.784120983,0,0.395212096
238.1,0,94.1,186.7,7,949.9,847,56,39.59,0.784120983,0,0.395212096
238.1,0,94.1,186.7,7,949.9,847,100,44.3,0.784120983,0,0.395212096
250,0,95.7,187.4,5.5,956.9,861.2,3,13.82,0.74968,0,0.3828
250,0,95.7,187.4,5.5,956.9,861.2,14,24.92,0.74968,0,0.3828
250,0,95.7,187.4,5.5,956.9,861.2,28,29.22,0.74968,0,0.3828
250,0,95.7,187.4,5.5,956.9,861.2,56,38.33,0.74968,0,0.3828
250,0,95.7,187.4,5.5,956.9,861.2,100,42.35,0.74968,0,0.3828
212.5,0,100.4,159.3,8.7,1007.8,903.6,3,13.54,0.749670619,0,0.472470588
212.5,0,100.4,159.3,8.7,1007.8,903.6,14,26.31,0.749670619,0,0.472470588
212.5,0,100.4,159.3,8.7,1007.8,903.6,28,31.64,0.749670619,0,0.472470588
212.5,0,100.4,159.3,8.7,1007.8,903.6,56,42.55,0.749670619,0,0.472470588
212.5,0,100.4,159.3,8.7,1007.8,903.6,100,42.92,0.749670619,0,0.472470588
212.6,0,100.4,159.4,10.4,1003.8,903.8,3,13.33,0.749635414,0,0.472248354
212.6,0,100.4,159.4,10.4,1003.8,903.8,14,25.37,0.749635414,0,0.472248354
212.6,0,100.4,159.4,10.4,1003.8,903.8,28,37.4,0.749635414,0,0.472248354
212.6,0,100.4,159.4,10.4,1003.8,903.8,56,44.4,0.749635414,0,0.472248354
212.6,0,100.4,159.4,10.4,1003.8,903.8,100,47.74,0.749635414,0,0.472248354
212,0,124.8,159,7.8,1085.4,799.5,3,19.52,0.75,0,0.588679245
212,0,124.8,159,7.8,1085.4,799.5,14,31.35,0.75,0,0.588679245
212,0,124.8,159,7.8,1085.4,799.5,28,38.5,0.75,0,0.588679245
212,0,124.8,159,7.8,1085.4,799.5,56,45.08,0.75,0,0.588679245
212,0,124.8,159,7.8,1085.4,799.5,100,47.82,0.75,0,0.588679245
231.8,0,121.6,174,6.7,1056.4,778.5,3,15.44,0.750636462,0,0.524590164
231.8,0,121.6,174,6.7,1056.4,778.5,14,26.77,0.750636462,0,0.524590164
231.8,0,121.6,174,6.7,1056.4,778.5,28,33.73,0.750636462,0,0.524590164
231.8,0,121.6,174,6.7,1056.4,778.5,56,42.7,0.750636462,0,0.524590164
231.8,0,121.6,174,6.7,1056.4,778.5,100,45.84,0.750636462,0,0.524590164
251.4,0,118.3,188.5,5.8,1028.4,757.7,3,17.22,0.74969169,0,0.470564837
251.4,0,118.3,188.5,5.8,1028.4,757.7,14,29.93,0.74969169,0,0.470564837
251.4,0,118.3,188.5,5.8,1028.4,757.7,28,29.65,0.74969169,0,0.470564837
251.4,0,118.3,188.5,5.8,1028.4,757.7,56,36.97,0.74969169,0,0.470564837
251.4,0,118.3,188.5,5.8,1028.4,757.7,100,43.58,0.74969169,0,0.470564837
251.4,0,118.3,188.5,6.4,1028.4,757.7,3,13.12,0.74969169,0,0.470564837
251.4,0,118.3,188.5,6.4,1028.4,757.7,14,24.43,0.74969169,0,0.470564837
251.4,0,118.3,188.5,6.4,1028.4,757.7,28,32.66,0.74969169,0,0.470564837
251.4,0,118.3,188.5,6.4,1028.4,757.7,56,36.64,0.74969169,0,0.470564837
251.4,0,118.3,188.5,6.4,1028.4,757.7,100,44.21,0.74969169,0,0.470564837
181.4,0,167,169.6,7.6,1055.6,777.8,3,13.62,0.934998346,0,0.92061742
181.4,0,167,169.6,7.6,1055.6,777.8,14,21.6,0.934998346,0,0.92061742
181.4,0,167,169.6,7.6,1055.6,777.8,28,27.77,0.934998346,0,0.92061742
181.4,0,167,169.6,7.6,1055.6,777.8,56,35.57,0.934998346,0,0.92061742
181.4,0,167,169.6,7.6,1055.6,777.8,100,45.37,0.934998346,0,0.92061742
182,45.2,122,170.2,8.2,1059.4,780.7,3,7.32,0.935014283,0.248351648,0.67032967
182,45.2,122,170.2,8.2,1059.4,780.7,14,21.5,0.935014283,0.248351648,0.67032967
182,45.2,122,170.2,8.2,1059.4,780.7,28,31.27,0.935014283,0.248351648,0.67032967
182,45.2,122,170.2,8.2,1059.4,780.7,56,43.5,0.935014283,0.248351648,0.67032967
182,45.2,122,170.2,8.2,1059.4,780.7,100,48.67,0.935014283,0.248351648,0.67032967
168.9,42.2,124.3,158.3,10.8,1080.8,796.2,3,7.4,0.937529607,0.249851983,0.735938425
168.9,42.2,124.3,158.3,10.8,1080.8,796.2,14,23.51,0.937529607,0.249851983,0.735938425
168.9,42.2,124.3,158.3,10.8,1080.8,796.2,28,31.12,0.937529607,0.249851983,0.735938425
168.9,42.2,124.3,158.3,10.8,1080.8,796.2,56,39.15,0.937529607,0.249851983,0.735938425
168.9,42.2,124.3,158.3,10.8,1080.8,796.2,100,48.15,0.937529607,0.249851983,0.735938425
290.4,0,96.2,168.1,9.4,961.2,865,3,22.5,0.57888755,0,0.331267218
290.4,0,96.2,168.1,9.4,961.2,865,14,34.67,0.57888755,0,0.331267218
290.4,0,96.2,168.1,9.4,961.2,865,28,34.74,0.57888755,0,0.331267218
290.4,0,96.2,168.1,9.4,961.2,865,56,45.08,0.57888755,0,0.331267218
290.4,0,96.2,168.1,9.4,961.2,865,100,48.97,0.57888755,0,0.331267218
277.1,0,97.4,160.6,11.8,973.9,875.6,3,23.14,0.579678758,0,0.351497654
277.1,0,97.4,160.6,11.8,973.9,875.6,14,41.89,0.579678758,0,0.351497654
277.1,0,97.4,160.6,11.8,973.9,875.6,28,48.28,0.579678758,0,0.351497654
277.1,0,97.4,160.6,11.8,973.9,875.6,56,51.04,0.579678758,0,0.351497654
277.1,0,97.4,160.6,11.8,973.9,875.6,100,55.64,0.579678758,0,0.351497654
295.7,0,95.6,171.5,8.9,955.1,859.2,3,22.95,0.580095364,0,0.323300643
295.7,0,95.6,171.5,8.9,955.1,859.2,14,35.23,0.580095364,0,0.323300643
295.7,0,95.6,171.5,8.9,955.1,859.2,28,39.94,0.580095364,0,0.323300643
295.7,0,95.6,171.5,8.9,955.1,859.2,56,48.72,0.580095364,0,0.323300643
295.7,0,95.6,171.5,8.9,955.1,859.2,100,52.04,0.580095364,0,0.323300643
251.8,0,99.9,146.1,12.4,1006,899.8,3,21.02,0.580358207,0,0.396743447
251.8,0,99.9,146.1,12.4,1006,899.8,14,33.36,0.580358207,0,0.396743447
251.8,0,99.9,146.1,12.4,1006,899.8,28,33.94,0.580358207,0,0.396743447
251.8,0,99.9,146.1,12.4,1006,899.8,56,44.14,0.580358207,0,0.396743447
251.8,0,99.9,146.1,12.4,1006,899.8,100,45.37,0.580358207,0,0.396743447
249.1,0,98.8,158.1,12.8,987.8,889,3,15.36,0.63472501,0,0.39662786
249.1,0,98.8,158.1,12.8,987.8,889,14,28.68,0.63472501,0,0.39662786
249.1,0,98.8,158.1,12.8,987.8,889,28,30.85,0.63472501,0,0.39662786
249.1,0,98.8,158.1,12.8,987.8,889,56,42.03,0.63472501,0,0.39662786
249.1,0,98.8,158.1,12.8,987.8,889,100,51.06,0.63472501,0,0.39662786
252.3,0,98.8,146.3,14.2,987.8,889,3,21.78,0.579644089,0,0.391597305
252.3,0,98.8,146.3,14.2,987.8,889,14,42.29,0.579644089,0,0.391597305
252.3,0,98.8,146.3,14.2,987.8,889,28,50.6,0.579644089,0,0.391597305
252.3,0,98.8,146.3,14.2,987.8,889,56,55.83,0.579644089,0,0.391597305
252.3,0,98.8,146.3,14.2,987.8,889,100,60.95,0.579644089,0,0.391597305
246.8,0,125.1,143.3,12,1086.8,800.9,3,23.52,0.58056152,0,0.506888169
246.8,0,125.1,143.3,12,1086.8,800.9,14,42.22,0.58056152,0,0.506888169
246.8,0,125.1,143.3,12,1086.8,800.9,28,52.5,0.58056152,0,0.506888169
246.8,0,125.1,143.3,12,1086.8,800.9,56,60.32,0.58056152,0,0.506888169
246.8,0,125.1,143.3,12,1086.8,800.9,100,66.42,0.58056152,0,0.506888169
275.1,0,121.4,159.5,9.9,1053.6,777.5,3,23.8,0.579779692,0,0.441294075
275.1,0,121.4,159.5,9.9,1053.6,777.5,14,38.77,0.579779692,0,0.441294075
275.1,0,121.4,159.5,9.9,1053.6,777.5,28,51.33,0.579779692,0,0.441294075
275.1,0,121.4,159.5,9.9,1053.6,777.5,56,56.85,0.579779692,0,0.441294075
275.1,0,121.4,159.5,9.9,1053.6,777.5,100,58.61,0.579779692,0,0.441294075
297.2,0,117.5,174.8,9.5,1022.8,753.5,3,21.91,0.588235294,0,0.395356662
297.2,0,117.5,174.8,9.5,1022.8,753.5,14,36.99,0.588235294,0,0.395356662
297.2,0,117.5,174.8,9.5,1022.8,753.5,28,47.4,0.588235294,0,0.395356662
297.2,0,117.5,174.8,9.5,1022.8,753.5,56,51.96,0.588235294,0,0.395356662
297.2,0,117.5,174.8,9.5,1022.8,753.5,100,56.74,0.588235294,0,0.395356662
213.7,0,174.7,154.8,10.2,1053.5,776.4,3,17.57,0.724197623,0,0.81750117
213.7,0,174.7,154.8,10.2,1053.5,776.4,14,33.73,0.724197623,0,0.81750117
213.7,0,174.7,154.8,10.2,1053.5,776.4,28,40.15,0.724197623,0,0.81750117
213.7,0,174.7,154.8,10.2,1053.5,776.4,56,46.64,0.724197623,0,0.81750117
213.7,0,174.7,154.8,10.2,1053.5,776.4,100,50.08,0.724197623,0,0.81750117
213.5,0,174.2,154.6,11.7,1052.3,775.5,3,17.37,0.724168618,0,0.815925059
213.5,0,174.2,154.6,11.7,1052.3,775.5,14,33.7,0.724168618,0,0.815925059
213.5,0,174.2,154.6,11.7,1052.3,775.5,28,45.94,0.724168618,0,0.815925059
213.5,0,174.2,154.6,11.7,1052.3,775.5,56,51.43,0.724168618,0,0.815925059
213.5,0,174.2,154.6,11.7,1052.3,775.5,100,59.3,0.724168618,0,0.815925059
277.2,97.8,24.5,160.7,11.2,1061.7,782.5,3,30.45,0.579746744,0.352813853,0.088383838
277.2,97.8,24.5,160.7,11.2,1061.7,782.5,14,47.71,0.579746744,0.352813853,0.088383838
277.2,97.8,24.5,160.7,11.2,1061.7,782.5,28,63.14,0.579746744,0.352813853,0.088383838
277.2,97.8,24.5,160.7,11.2,1061.7,782.5,56,66.82,0.579746744,0.352813853,0.088383838
277.2,97.8,24.5,160.7,11.2,1061.7,782.5,100,66.95,0.579746744,0.352813853,0.088383838
218.2,54.6,123.8,140.8,11.9,1075.7,792.7,3,27.42,0.644961738,0.250229148,0.567369386
218.2,54.6,123.8,140.8,11.9,1075.7,792.7,14,35.96,0.644961738,0.250229148,0.567369386
218.2,54.6,123.8,140.8,11.9,1075.7,792.7,28,55.51,0.644961738,0.250229148,0.567369386
218.2,54.6,123.8,140.8,11.9,1075.7,792.7,56,61.99,0.644961738,0.250229148,0.567369386
218.2,54.6,123.8,140.8,11.9,1075.7,792.7,100,63.53,0.644961738,0.250229148,0.567369386
214.9,53.8,121.9,155.6,9.6,1014.3,780.6,3,18.02,0.724197301,0.250349,0.567240577
214.9,53.8,121.9,155.6,9.6,1014.3,780.6,14,38.6,0.724197301,0.250349,0.567240577
214.9,53.8,121.9,155.6,9.6,1014.3,780.6,28,52.2,0.724197301,0.250349,0.567240577
214.9,53.8,121.9,155.6,9.6,1014.3,780.6,56,53.96,0.724197301,0.250349,0.567240577
214.9,53.8,121.9,155.6,9.6,1014.3,780.6,100,56.63,0.724197301,0.250349,0.567240577
218.9,0,124.1,158.5,11.3,1078.7,794.9,3,15.34,0.724194654,0,0.566925537
218.9,0,124.1,158.5,11.3,1078.7,794.9,14,26.05,0.724194654,0,0.566925537
218.9,0,124.1,158.5,11.3,1078.7,794.9,28,30.22,0.724194654,0,0.566925537
218.9,0,124.1,158.5,11.3,1078.7,794.9,56,37.27,0.724194654,0,0.566925537
218.9,0,124.1,158.5,11.3,1078.7,794.9,100,46.23,0.724194654,0,0.566925537
376,0,0,214.6,0,1003.5,762.4,3,16.28,0.570744681,0,0
376,0,0,214.6,0,1003.5,762.4,14,25.62,0.570744681,0,0
376,0,0,214.6,0,1003.5,762.4,28,31.97,0.570744681,0,0
376,0,0,214.6,0,1003.5,762.4,56,36.3,0.570744681,0,0
376,0,0,214.6,0,1003.5,762.4,100,43.06,0.570744681,0,0
500,0,0,140,4,966,853,28,67.57,0.28,0,0
475,0,59,142,1.9,1098,641,28,57.23,0.298947368,0,0.124210526
315,137,0,145,5.9,1130,745,28,81.75,0.46031746,0.434920635,0
505,0,60,195,0,1030,630,28,64.02,0.386138614,0,0.118811881
451,0,0,165,11.3,1030,745,28,78.8,0.365853659,0,0
516,0,0,162,8.2,801,802,28,41.37,0.313953488,0,0
520,0,0,170,5.2,855,855,28,60.28,0.326923077,0,0
528,0,0,185,6.9,920,720,28,56.83,0.350378788,0,0
520,0,0,175,5.2,870,805,28,51.02,0.336538462,0,0
385,0,136,158,20,903,768,28,55.55,0.41038961,0,0.353246753
500.1,0,0,200,3,1124.4,613.2,28,44.13,0.399920016,0,0
450.1,50,0,200,3,1124.4,613.2,28,39.38,0.444345701,0.111086425,0
397,17.2,158,167,20.8,967,633,28,55.65,0.420654912,0.043324937,0.397984887
333,17.5,163,167,17.9,996,652,28,47.28,0.501501502,0.052552553,0.489489489
334,17.6,158,189,15.3,967,633,28,44.33,0.565868263,0.052694611,0.473053892
405,0,0,175,0,1120,695,28,52.3,0.432098765,0,0
200,200,0,190,0,1145,660,28,49.25,0.95,1,0
516,0,0,162,8.3,801,802,28,41.37,0.313953488,0,0
145,116,119,184,5.7,833,880,28,29.16,1.268965517,0.8,0.820689655
160,128,122,182,6.4,824,879,28,39.4,1.1375,0.8,0.7625
234,156,0,189,5.9,981,760,28,39.3,0.807692308,0.666666667,0
250,180,95,159,9.5,860,800,28,67.87,0.636,0.72,0.38
475,0,0,162,9.5,1044,662,28,58.52,0.341052632,0,0
285,190,0,163,7.6,1031,685,28,53.58,0.571929825,0.666666667,0
356,119,0,160,9,1061,657,28,59,0.449438202,0.334269663,0
275,180,120,162,10.4,830,765,28,76.24,0.589090909,0.654545455,0.436363636
500,0,0,151,9,1033,655,28,69.84,0.302,0,0
165,0,143.6,163.8,0,1005.6,900.9,3,14.4,0.992787879,0,0.87030303
165,128.5,132.1,175.1,8.1,1005.8,746.6,3,19.42,1.060969697,0.778787879,0.800606061
178,129.8,118.6,179.9,3.6,1007.3,746.8,3,20.73,1.010728529,0.729213483,0.666292135
167.4,129.9,128.6,175.5,7.8,1006.3,746.6,3,14.94,1.048461309,0.775985663,0.768219833
172.4,13.6,172.4,156.8,4.1,1006.3,856.4,3,21.29,0.90938624,0.078886311,1
173.5,50.1,173.5,164.8,6.5,1006.2,793.5,3,23.08,0.9494641,0.288760807,1
167,75.4,167,164,7.9,1007.3,770.1,3,15.52,0.982215569,0.451497006,1
173.8,93.4,159.9,172.3,9.7,1007.2,746.6,3,15.82,0.991542489,0.53739931,0.920023015
190.3,0,125.2,166.6,9.9,1079,798.9,3,12.55,0.87532836,0,0.657908565
250,0,95.7,191.8,5.3,948.9,857.2,3,8.49,0.76736,0,0.3828
213.5,0,174.2,159.2,11.7,1043.6,771.9,3,15.61,0.745714286,0,0.815925059
194.7,0,100.5,170.2,7.5,998,901.8,3,12.18,0.874101089,0,0.516178737
251.4,0,118.3,192.9,5.8,1043.6,754.3,3,11.98,0.767553805,0,0.470564837
165,0,143.6,163.8,0,1005.6,900.9,14,16.88,0.992787879,0,0.87030303
165,128.5,132.1,175.1,8.1,1005.8,746.6,14,33.09,1.060969697,0.778787879,0.800606061
178,129.8,118.6,179.9,3.6,1007.3,746.8,14,34.24,1.010728529,0.729213483,0.666292135
167.4,129.9,128.6,175.5,7.8,1006.3,746.6,14,31.81,1.048461309,0.775985663,0.768219833
172.4,13.6,172.4,156.8,4.1,1006.3,856.4,14,29.75,0.90938624,0.078886311,1
173.5,50.1,173.5,164.8,6.5,1006.2,793.5,14,33.01,0.9494641,0.288760807,1
167,75.4,167,164,7.9,1007.3,770.1,14,32.9,0.982215569,0.451497006,1
173.8,93.4,159.9,172.3,9.7,1007.2,746.6,14,29.55,0.991542489,0.53739931,0.920023015
190.3,0,125.2,166.6,9.9,1079,798.9,14,19.42,0.87532836,0,0.657908565
250,0,95.7,191.8,5.3,948.9,857.2,14,24.66,0.76736,0,0.3828
213.5,0,174.2,159.2,11.7,1043.6,771.9,14,29.59,0.745714286,0,0.815925059
194.7,0,100.5,170.2,7.5,998,901.8,14,24.28,0.874101089,0,0.516178737
251.4,0,118.3,192.9,5.8,1043.6,754.3,14,20.73,0.767553805,0,0.470564837
165,0,143.6,163.8,0,1005.6,900.9,28,26.2,0.992787879,0,0.87030303
165,128.5,132.1,175.1,8.1,1005.8,746.6,28,46.39,1.060969697,0.778787879,0.800606061
178,129.8,118.6,179.9,3.6,1007.3,746.8,28,39.16,1.010728529,0.729213483,0.666292135
167.4,129.9,128.6,175.5,7.8,1006.3,746.6,28,41.2,1.048461309,0.775985663,0.768219833
172.4,13.6,172.4,156.8,4.1,1006.3,856.4,28,33.69,0.90938624,0.078886311,1
173.5,50.1,173.5,164.8,6.5,1006.2,793.5,28,38.2,0.9494641,0.288760807,1
167,75.4,167,164,7.9,1007.3,770.1,28,41.41,0.982215569,0.451497006,1
173.8,93.4,159.9,172.3,9.7,1007.2,746.6,28,37.81,0.991542489,0.53739931,0.920023015
190.3,0,125.2,166.6,9.9,1079,798.9,28,24.85,0.87532836,0,0.657908565
250,0,95.7,191.8,5.3,948.9,857.2,28,27.22,0.76736,0,0.3828
213.5,0,174.2,159.2,11.7,1043.6,771.9,28,44.64,0.745714286,0,0.815925059
194.7,0,100.5,170.2,7.5,998,901.8,28,37.27,0.874101089,0,0.516178737
251.4,0,118.3,192.9,5.8,1043.6,754.3,28,33.27,0.767553805,0,0.470564837
165,0,143.6,163.8,0,1005.6,900.9,56,36.56,0.992787879,0,0.87030303
165,128.5,132.1,175.1,8.1,1005.8,746.6,56,53.72,1.060969697,0.778787879,0.800606061
178,129.8,118.6,179.9,3.6,1007.3,746.8,56,48.59,1.010728529,0.729213483,0.666292135
167.4,129.9,128.6,175.5,7.8,1006.3,746.6,56,51.72,1.048461309,0.775985663,0.768219833
172.4,13.6,172.4,156.8,4.1,1006.3,856.4,56,35.85,0.90938624,0.078886311,1
173.5,50.1,173.5,164.8,6.5,1006.2,793.5,56,53.77,0.9494641,0.288760807,1
167,75.4,167,164,7.9,1007.3,770.1,56,53.46,0.982215569,0.451497006,1
173.8,93.4,159.9,172.3,9.7,1007.2,746.6,56,48.99,0.991542489,0.53739931,0.920023015
190.3,0,125.2,166.6,9.9,1079,798.9,56,31.72,0.87532836,0,0.657908565
250,0,95.7,191.8,5.3,948.9,857.2,56,39.64,0.76736,0,0.3828
213.5,0,174.2,159.2,11.7,1043.6,771.9,56,51.26,0.745714286,0,0.815925059
194.7,0,100.5,170.2,7.5,998,901.8,56,43.39,0.874101089,0,0.516178737
251.4,0,118.3,192.9,5.8,1043.6,754.3,56,39.27,0.767553805,0,0.470564837
165,0,143.6,163.8,0,1005.6,900.9,100,37.96,0.992787879,0,0.87030303
165,128.5,132.1,175.1,8.1,1005.8,746.6,100,55.02,1.060969697,0.778787879,0.800606061
178,129.8,118.6,179.9,3.6,1007.3,746.8,100,49.99,1.010728529,0.729213483,0.666292135
167.4,129.9,128.6,175.5,7.8,1006.3,746.6,100,53.66,1.048461309,0.775985663,0.768219833
172.4,13.6,172.4,156.8,4.1,1006.3,856.4,100,37.68,0.90938624,0.078886311,1
173.5,50.1,173.5,164.8,6.5,1006.2,793.5,100,56.06,0.9494641,0.288760807,1
167,75.4,167,164,7.9,1007.3,770.1,100,56.81,0.982215569,0.451497006,1
173.8,93.4,159.9,172.3,9.7,1007.2,746.6,100,50.94,0.991542489,0.53739931,0.920023015
190.3,0,125.2,166.6,9.9,1079,798.9,100,33.56,0.87532836,0,0.657908565
250,0,95.7,191.8,5.3,948.9,857.2,100,41.16,0.76736,0,0.3828
213.5,0,174.2,159.2,11.7,1043.6,771.9,100,52.96,0.745714286,0,0.815925059
194.7,0,100.5,170.2,7.5,998,901.8,100,44.28,0.874101089,0,0.516178737
251.4,0,118.3,192.9,5.8,1043.6,754.3,100,40.15,0.767553805,0,0.470564837
446,24,79,162,11.6,967,712,28,57.03,0.3632287,0.053811659,0.177130045
446,24,79,162,11.6,967,712,28,44.42,0.3632287,0.053811659,0.177130045
446,24,79,162,11.6,967,712,28,51.02,0.3632287,0.053811659,0.177130045
446,24,79,162,10.3,967,712,28,53.39,0.3632287,0.053811659,0.177130045
446,24,79,162,11.6,967,712,3,35.36,0.3632287,0.053811659,0.177130045
446,24,79,162,11.6,967,712,3,25.02,0.3632287,0.053811659,0.177130045
446,24,79,162,11.6,967,712,3,23.35,0.3632287,0.053811659,0.177130045
446,24,79,162,11.6,967,712,7,52.01,0.3632287,0.053811659,0.177130045
446,24,79,162,11.6,967,712,7,38.02,0.3632287,0.053811659,0.177130045
446,24,79,162,11.6,967,712,7,39.3,0.3632287,0.053811659,0.177130045
446,24,79,162,11.6,967,712,56,61.07,0.3632287,0.053811659,0.177130045
446,24,79,162,11.6,967,712,56,56.14,0.3632287,0.053811659,0.177130045
446,24,79,162,11.6,967,712,56,55.25,0.3632287,0.053811659,0.177130045
446,24,79,162,10.3,967,712,56,54.77,0.3632287,0.053811659,0.177130045
387,20,94,157,14.3,938,845,28,50.24,0.405684755,0.051679587,0.242894057
387,20,94,157,13.9,938,845,28,46.68,0.405684755,0.051679587,0.242894057
387,20,94,157,11.6,938,845,28,46.68,0.405684755,0.051679587,0.242894057
387,20,94,157,14.3,938,845,3,22.75,0.405684755,0.051679587,0.242894057
387,20,94,157,13.9,938,845,3,25.51,0.405684755,0.051679587,0.242894057
387,20,94,157,11.6,938,845,3,34.77,0.405684755,0.051679587,0.242894057
387,20,94,157,14.3,938,845,7,36.84,0.405684755,0.051679587,0.242894057
387,20,94,157,13.9,938,845,7,45.9,0.405684755,0.051679587,0.242894057
387,20,94,157,11.6,938,845,7,41.67,0.405684755,0.051679587,0.242894057
387,20,94,157,14.3,938,845,56,56.34,0.405684755,0.051679587,0.242894057
387,20,94,157,13.9,938,845,56,47.97,0.405684755,0.051679587,0.242894057
387,20,94,157,11.6,938,845,56,61.46,0.405684755,0.051679587,0.242894057
355,19,97,145,13.1,967,871,28,44.03,0.408450704,0.053521127,0.273239437
355,19,97,145,12.3,967,871,28,55.45,0.408450704,0.053521127,0.273239437
491,26,123,210,3.9,882,699,28,55.55,0.427698574,0.052953157,0.250509165
491,26,123,201,3.9,822,699,28,57.92,0.409368635,0.052953157,0.250509165
491,26,123,210,3.9,882,699,3,25.61,0.427698574,0.052953157,0.250509165
491,26,123,210,3.9,882,699,7,33.49,0.427698574,0.052953157,0.250509165
491,26,123,210,3.9,882,699,56,59.59,0.427698574,0.052953157,0.250509165
491,26,123,201,3.9,822,699,3,29.55,0.409368635,0.052953157,0.250509165
491,26,123,201,3.9,822,699,7,37.92,0.409368635,0.052953157,0.250509165
491,26,123,201,3.9,822,699,56,61.86,0.409368635,0.052953157,0.250509165
424,22,132,178,8.5,822,750,28,62.05,0.419811321,0.051886792,0.311320755
424,22,132,178,8.5,882,750,3,32.01,0.419811321,0.051886792,0.311320755
424,22,132,168,8.9,822,750,28,72.1,0.396226415,0.051886792,0.311320755
424,22,132,178,8.5,822,750,7,39,0.419811321,0.051886792,0.311320755
424,22,132,178,8.5,822,750,56,65.7,0.419811321,0.051886792,0.311320755
424,22,132,168,8.9,822,750,3,32.11,0.396226415,0.051886792,0.311320755
424,22,132,168,8.9,822,750,7,40.29,0.396226415,0.051886792,0.311320755
424,22,132,168,8.9,822,750,56,74.36,0.396226415,0.051886792,0.311320755
202,11,141,206,1.7,942,801,28,21.97,1.01980198,0.054455446,0.698019802
202,11,141,206,1.7,942,801,3,9.85,1.01980198,0.054455446,0.698019802
202,11,141,206,1.7,942,801,7,15.07,1.01980198,0.054455446,0.698019802
202,11,141,206,1.7,942,801,56,23.25,1.01980198,0.054455446,0.698019802
284,15,141,179,5.5,842,801,28,43.73,0.63028169,0.052816901,0.496478873
284,15,141,179,5.5,842,801,3,13.4,0.63028169,0.052816901,0.496478873
284,15,141,179,5.5,842,801,7,24.13,0.63028169,0.052816901,0.496478873
284,15,141,179,5.5,842,801,56,44.52,0.63028169,0.052816901,0.496478873
359,19,141,154,10.9,942,801,28,62.94,0.428969359,0.052924791,0.39275766
359,19,141,154,10.9,942,801,28,59.49,0.428969359,0.052924791,0.39275766
359,19,141,154,10.9,942,801,3,25.12,0.428969359,0.052924791,0.39275766
359,19,141,154,10.9,942,801,3,23.64,0.428969359,0.052924791,0.39275766
359,19,141,154,10.9,942,801,7,35.75,0.428969359,0.052924791,0.39275766
359,19,141,154,10.9,942,801,7,38.61,0.428969359,0.052924791,0.39275766
359,19,141,154,10.9,942,801,56,68.75,0.428969359,0.052924791,0.39275766
359,19,141,154,10.9,942,801,56,66.78,0.428969359,0.052924791,0.39275766
436,0,0,218,0,838.4,719.7,28,23.85,0.5,0,0
289,0,0,192,0,913.2,895.3,90,32.07,0.664359862,0,0
289,0,0,192,0,913.2,895.3,3,11.65,0.664359862,0,0
393,0,0,192,0,940.6,785.6,3,19.2,0.488549618,0,0
393,0,0,192,0,940.6,785.6,90,48.85,0.488549618,0,0
393,0,0,192,0,940.6,785.6,28,39.6,0.488549618,0,0
480,0,0,192,0,936.2,712.2,28,43.94,0.4,0,0
480,0,0,192,0,936.2,712.2,7,34.57,0.4,0,0
480,0,0,192,0,936.2,712.2,90,54.32,0.4,0,0
480,0,0,192,0,936.2,712.2,3,24.4,0.4,0,0
333,0,0,192,0,931.2,842.6,3,15.62,0.576576577,0,0
255,0,0,192,0,889.8,945,90,21.86,0.752941176,0,0
255,0,0,192,0,889.8,945,7,10.22,0.752941176,0,0
289,0,0,192,0,913.2,895.3,7,14.6,0.664359862,0,0
255,0,0,192,0,889.8,945,28,18.75,0.752941176,0,0
333,0,0,192,0,931.2,842.6,28,31.97,0.576576577,0,0
333,0,0,192,0,931.2,842.6,7,23.4,0.576576577,0,0
289,0,0,192,0,913.2,895.3,28,25.57,0.664359862,0,0
333,0,0,192,0,931.2,842.6,90,41.68,0.576576577,0,0
393,0,0,192,0,940.6,785.6,7,27.74,0.488549618,0,0
255,0,0,192,0,889.8,945,3,8.2,0.752941176,0,0
158.8,238.2,0,185.7,0,1040.6,734.3,7,9.62,1.169395466,1.5,0
239.6,359.4,0,185.7,0,941.6,664.3,7,25.42,0.775041736,1.5,0
238.2,158.8,0,185.7,0,1040.6,734.3,7,15.69,0.779596977,0.666666667,0
181.9,272.8,0,185.7,0,1012.4,714.3,28,27.94,1.020890599,1.499725124,0
193.5,290.2,0,185.7,0,998.2,704.3,28,32.63,0.959689922,1.499741602,0
255.5,170.3,0,185.7,0,1026.6,724.3,7,17.24,0.726810176,0.666536204,0
272.8,181.9,0,185.7,0,1012.4,714.3,7,19.77,0.680718475,0.666788856,0
239.6,359.4,0,185.7,0,941.6,664.3,28,39.44,0.775041736,1.5,0
220.8,147.2,0,185.7,0,1055,744.3,28,25.75,0.841032609,0.666666667,0
397,0,0,185.7,0,1040.6,734.3,28,33.08,0.467758186,0,0
382.5,0,0,185.7,0,1047.8,739.3,7,24.07,0.485490196,0,0
210.7,316.1,0,185.7,0,977,689.3,7,21.82,0.881347888,1.500237304,0
158.8,238.2,0,185.7,0,1040.6,734.3,28,21.07,1.169395466,1.5,0
295.8,0,0,185.7,0,1091.4,769.3,7,14.84,0.627789047,0,0
255.5,170.3,0,185.7,0,1026.6,724.3,28,32.05,0.726810176,0.666536204,0
203.5,135.7,0,185.7,0,1076.2,759.3,7,11.96,0.912530713,0.666830467,0
397,0,0,185.7,0,1040.6,734.3,7,25.45,0.467758186,0,0
381.4,0,0,185.7,0,1104.6,784.3,28,22.49,0.486890404,0,0
295.8,0,0,185.7,0,1091.4,769.3,28,25.22,0.627789047,0,0
228,342.1,0,185.7,0,955.8,674.3,28,39.7,0.814473684,1.500438596,0
220.8,147.2,0,185.7,0,1055,744.3,7,13.09,0.841032609,0.666666667,0
316.1,210.7,0,185.7,0,977,689.3,28,38.7,0.587472319,0.666561215,0
135.7,203.5,0,185.7,0,1076.2,759.3,7,7.51,1.368459838,1.49963154,0
238.1,0,0,185.7,0,1118.8,789.3,28,17.58,0.779924402,0,0
339.2,0,0,185.7,0,1069.2,754.3,7,21.18,0.547464623,0,0
135.7,203.5,0,185.7,0,1076.2,759.3,28,18.2,1.368459838,1.49963154,0
193.5,290.2,0,185.7,0,998.2,704.3,7,17.2,0.959689922,1.499741602,0
203.5,135.7,0,185.7,0,1076.2,759.3,28,22.63,0.912530713,0.666830467,0
290.2,193.5,0,185.7,0,998.2,704.3,7,21.86,0.639903515,0.66678153,0
181.9,272.8,0,185.7,0,1012.4,714.3,7,12.37,1.020890599,1.499725124,0
170.3,155.5,0,185.7,0,1026.6,724.3,28,25.73,1.090428655,0.913094539,0
210.7,316.1,0,185.7,0,977,689.3,28,37.81,0.881347888,1.500237304,0
228,342.1,0,185.7,0,955.8,674.3,7,21.92,0.814473684,1.500438596,0
290.2,193.5,0,185.7,0,998.2,704.3,28,33.04,0.639903515,0.66678153,0
381.4,0,0,185.7,0,1104.6,784.3,7,14.54,0.486890404,0,0
238.2,158.8,0,185.7,0,1040.6,734.3,28,26.91,0.779596977,0.666666667,0
186.2,124.1,0,185.7,0,1083.4,764.3,7,8,0.997314715,0.666487648,0
339.2,0,0,185.7,0,1069.2,754.3,28,31.9,0.547464623,0,0
238.1,0,0,185.7,0,1118.8,789.3,7,10.34,0.779924402,0,0
252.5,0,0,185.7,0,1111.6,784.3,28,19.77,0.735445545,0,0
382.5,0,0,185.7,0,1047.8,739.3,28,37.44,0.485490196,0,0
252.5,0,0,185.7,0,1111.6,784.3,7,11.48,0.735445545,0,0
316.1,210.7,0,185.7,0,977,689.3,7,24.44,0.587472319,0.666561215,0
186.2,124.1,0,185.7,0,1083.4,764.3,28,17.6,0.997314715,0.666487648,0
170.3,155.5,0,185.7,0,1026.6,724.3,7,10.73,1.090428655,0.913094539,0
272.8,181.9,0,185.7,0,1012.4,714.3,28,31.38,0.680718475,0.666788856,0
339,0,0,197,0,968,781,3,13.22,0.581120944,0,0
339,0,0,197,0,968,781,7,20.97,0.581120944,0,0
339,0,0,197,0,968,781,14,27.04,0.581120944,0,0
339,0,0,197,0,968,781,28,32.04,0.581120944,0,0
339,0,0,197,0,968,781,90,35.17,0.581120944,0,0
339,0,0,197,0,968,781,180,36.45,0.581120944,0,0
339,0,0,197,0,968,781,365,38.89,0.581120944,0,0
236,0,0,194,0,968,885,3,6.47,0.822033898,0,0
236,0,0,194,0,968,885,14,12.84,0.822033898,0,0
236,0,0,194,0,968,885,28,18.42,0.822033898,0,0
236,0,0,194,0,968,885,90,21.95,0.822033898,0,0
236,0,0,193,0,968,885,180,24.1,0.81779661,0,0
236,0,0,193,0,968,885,365,25.08,0.81779661,0,0
277,0,0,191,0,968,856,14,21.26,0.689530686,0,0
277,0,0,191,0,968,856,28,25.97,0.689530686,0,0
277,0,0,191,0,968,856,3,11.36,0.689530686,0,0
277,0,0,191,0,968,856,90,31.25,0.689530686,0,0
277,0,0,191,0,968,856,180,32.33,0.689530686,0,0
277,0,0,191,0,968,856,360,33.7,0.689530686,0,0
254,0,0,198,0,968,863,3,9.31,0.779527559,0,0
254,0,0,198,0,968,863,90,26.94,0.779527559,0,0
254,0,0,198,0,968,863,180,27.63,0.779527559,0,0
254,0,0,198,0,968,863,365,29.79,0.779527559,0,0
307,0,0,193,0,968,812,180,34.49,0.628664495,0,0
307,0,0,193,0,968,812,365,36.15,0.628664495,0,0
307,0,0,193,0,968,812,3,12.54,0.628664495,0,0
307,0,0,193,0,968,812,28,27.53,0.628664495,0,0
307,0,0,193,0,968,812,90,32.92,0.628664495,0,0
236,0,0,193,0,968,885,7,9.99,0.81779661,0,0
200,0,0,180,0,1125,845,7,7.84,0.9,0,0
200,0,0,180,0,1125,845,28,12.25,0.9,0,0
225,0,0,181,0,1113,833,7,11.17,0.804444444,0,0
225,0,0,181,0,1113,833,28,17.34,0.804444444,0,0
325,0,0,184,0,1063,783,7,17.54,0.566153846,0,0
325,0,0,184,0,1063,783,28,30.57,0.566153846,0,0
275,0,0,183,0,1088,808,7,14.2,0.665454545,0,0
275,0,0,183,0,1088,808,28,24.5,0.665454545,0,0
300,0,0,184,0,1075,795,7,15.58,0.613333333,0,0
300,0,0,184,0,1075,795,28,26.85,0.613333333,0,0
375,0,0,186,0,1038,758,7,26.06,0.496,0,0
375,0,0,186,0,1038,758,28,38.21,0.496,0,0
400,0,0,187,0,1025,745,28,43.7,0.4675,0,0
400,0,0,187,0,1025,745,7,30.14,0.4675,0,0
250,0,0,182,0,1100,820,7,12.73,0.728,0,0
250,0,0,182,0,1100,820,28,20.87,0.728,0,0
350,0,0,186,0,1050,770,7,20.28,0.531428571,0,0
350,0,0,186,0,1050,770,28,34.29,0.531428571,0,0
203.5,305.3,0,203.5,0,963.4,630,7,19.54,1,1.5002457,0
250.2,166.8,0,203.5,0,977.6,694.1,90,47.71,0.813349321,0.666666667,0
157,236,0,192,0,935.4,781.2,90,43.38,1.222929936,1.503184713,0
141.3,212,0,203.5,0,971.8,748.5,28,29.89,1.44019816,1.500353857,0
166.8,250.2,0,203.5,0,975.6,692.6,3,6.9,1.220023981,1.5,0
122.6,183.9,0,203.5,0,958.2,800.1,90,33.19,1.659869494,1.5,0
183.9,122.6,0,203.5,0,959.2,800,3,4.9,1.106579663,0.666666667,0
102,153,0,192,0,887,942,3,4.57,1.882352941,1.5,0
102,153,0,192,0,887,942,90,25.46,1.882352941,1.5,0
122.6,183.9,0,203.5,0,958.2,800.1,28,24.29,1.659869494,1.5,0
166.8,250.2,0,203.5,0,975.6,692.6,28,33.95,1.220023981,1.5,0
200,133,0,192,0,965.4,806.2,3,11.41,0.96,0.665,0
108.3,162.4,0,203.5,0,938.2,849,28,20.59,1.879039705,1.499538319,0
305.3,203.5,0,203.5,0,965.4,631,7,25.89,0.666557484,0.666557484,0
108.3,162.4,0,203.5,0,938.2,849,90,29.23,1.879039705,1.499538319,0
116,173,0,192,0,909.8,891.9,90,31.02,1.655172414,1.49137931,0
141.3,212,0,203.5,0,971.8,748.5,7,10.39,1.44019816,1.500353857,0
157,236,0,192,0,935.4,781.2,28,33.66,1.222929936,1.503184713,0
133,200,0,192,0,927.4,839.2,28,27.87,1.443609023,1.503759398,0
250.2,166.8,0,203.5,0,977.6,694.1,7,19.35,0.813349321,0.666666667,0
173,116,0,192,0,946.8,856.8,7,11.39,1.10982659,0.670520231,0
192,288,0,192,0,929.8,716.1,3,12.79,1,1.5,0
192,288,0,192,0,929.8,716.1,28,39.32,1,1.5,0
153,102,0,192,0,888,943.1,3,4.78,1.254901961,0.666666667,0
288,192,0,192,0,932,717.8,3,16.11,0.666666667,0.666666667,0
305.3,203.5,0,203.5,0,965.4,631,28,43.38,0.666557484,0.666557484,0
236,157,0,192,0,972.6,749.1,7,20.42,0.813559322,0.665254237,0
173,116,0,192,0,946.8,856.8,3,6.94,1.10982659,0.670520231,0
212,141.3,0,203.5,0,973.4,750,7,15.03,0.95990566,0.666509434,0
236,157,0,192,0,972.6,749.1,3,13.57,0.813559322,0.665254237,0
183.9,122.6,0,203.5,0,959.2,800,90,32.53,1.106579663,0.666666667,0
166.8,250.2,0,203.5,0,975.6,692.6,7,15.75,1.220023981,1.5,0
102,153,0,192,0,887,942,7,7.68,1.882352941,1.5,0
288,192,0,192,0,932,717.8,28,38.8,0.666666667,0.666666667,0
212,141.3,0,203.5,0,973.4,750,28,33,0.95990566,0.666509434,0
102,153,0,192,0,887,942,28,17.28,1.882352941,1.5,0
173,116,0,192,0,946.8,856.8,28,24.28,1.10982659,0.670520231,0
183.9,122.6,0,203.5,0,959.2,800,28,24.05,1.106579663,0.666666667,0
133,200,0,192,0,927.4,839.2,90,36.59,1.443609023,1.503759398,0
192,288,0,192,0,929.8,716.1,90,50.73,1,1.5,0
133,200,0,192,0,927.4,839.2,7,13.66,1.443609023,1.503759398,0
305.3,203.5,0,203.5,0,965.4,631,3,14.14,0.666557484,0.666557484,0
236,157,0,192,0,972.6,749.1,90,47.78,0.813559322,0.665254237,0
108.3,162.4,0,203.5,0,938.2,849,3,2.33,1.879039705,1.499538319,0
157,236,0,192,0,935.4,781.2,7,16.89,1.222929936,1.503184713,0
288,192,0,192,0,932,717.8,7,23.52,0.666666667,0.666666667,0
212,141.3,0,203.5,0,973.4,750,3,6.81,0.95990566,0.666509434,0
212,141.3,0,203.5,0,973.4,750,90,39.7,0.95990566,0.666509434,0
153,102,0,192,0,888,943.1,28,17.96,1.254901961,0.666666667,0
236,157,0,192,0,972.6,749.1,28,32.88,0.813559322,0.665254237,0
116,173,0,192,0,909.8,891.9,28,22.35,1.655172414,1.49137931,0
183.9,122.6,0,203.5,0,959.2,800,7,10.79,1.106579663,0.666666667,0
108.3,162.4,0,203.5,0,938.2,849,7,7.72,1.879039705,1.499538319,0
203.5,305.3,0,203.5,0,963.4,630,28,41.68,1,1.5002457,0
203.5,305.3,0,203.5,0,963.4,630,3,9.56,1,1.5002457,0
133,200,0,192,0,927.4,839.2,3,6.88,1.443609023,1.503759398,0
288,192,0,192,0,932,717.8,90,50.53,0.666666667,0.666666667,0
200,133,0,192,0,965.4,806.2,7,17.17,0.96,0.665,0
200,133,0,192,0,965.4,806.2,28,30.44,0.96,0.665,0
250.2,166.8,0,203.5,0,977.6,694.1,3,9.73,0.813349321,0.666666667,0
122.6,183.9,0,203.5,0,958.2,800.1,3,3.32,1.659869494,1.5,0
153,102,0,192,0,888,943.1,90,26.32,1.254901961,0.666666667,0
200,133,0,192,0,965.4,806.2,90,43.25,0.96,0.665,0
116,173,0,192,0,909.8,891.9,3,6.28,1.655172414,1.49137931,0
173,116,0,192,0,946.8,856.8,90,32.1,1.10982659,0.670520231,0
250.2,166.8,0,203.5,0,977.6,694.1,28,36.96,0.813349321,0.666666667,0
305.3,203.5,0,203.5,0,965.4,631,90,54.6,0.666557484,0.666557484,0
192,288,0,192,0,929.8,716.1,7,21.48,1,1.5,0
157,236,0,192,0,935.4,781.2,3,9.69,1.222929936,1.503184713,0
153,102,0,192,0,888,943.1,7,8.37,1.254901961,0.666666667,0
141.3,212,0,203.5,0,971.8,748.5,90,39.66,1.44019816,1.500353857,0
116,173,0,192,0,909.8,891.9,7,10.09,1.655172414,1.49137931,0
141.3,212,0,203.5,0,971.8,748.5,3,4.83,1.44019816,1.500353857,0
122.6,183.9,0,203.5,0,958.2,800.1,7,10.35,1.659869494,1.5,0
166.8,250.2,0,203.5,0,975.6,692.6,90,43.57,1.220023981,1.5,0
203.5,305.3,0,203.5,0,963.4,630,90,51.86,1,1.5002457,0
310,0,0,192,0,1012,830,3,11.85,0.619354839,0,0
310,0,0,192,0,1012,830,7,17.24,0.619354839,0,0
310,0,0,192,0,1012,830,28,27.83,0.619354839,0,0
310,0,0,192,0,1012,830,90,35.76,0.619354839,0,0
310,0,0,192,0,1012,830,120,38.7,0.619354839,0,0
331,0,0,192,0,1025,821,3,14.31,0.580060423,0,0
331,0,0,192,0,1025,821,7,17.44,0.580060423,0,0
331,0,0,192,0,1025,821,28,31.74,0.580060423,0,0
331,0,0,192,0,1025,821,90,37.91,0.580060423,0,0
331,0,0,192,0,1025,821,120,39.38,0.580060423,0,0
349,0,0,192,0,1056,809,3,15.87,0.550143266,0,0
349,0,0,192,0,1056,809,7,9.01,0.550143266,0,0
349,0,0,192,0,1056,809,28,33.61,0.550143266,0,0
349,0,0,192,0,1056,809,90,40.66,0.550143266,0,0
349,0,0,192,0,1056,809,120,40.86,0.550143266,0,0
238,0,0,186,0,1119,789,7,12.05,0.781512605,0,0
238,0,0,186,0,1119,789,28,17.54,0.781512605,0,0
296,0,0,186,0,1090,769,7,18.91,0.628378378,0,0
296,0,0,186,0,1090,769,28,25.18,0.628378378,0,0
297,0,0,186,0,1040,734,7,30.96,0.626262626,0,0
480,0,0,192,0,936,721,28,43.89,0.4,0,0
480,0,0,192,0,936,721,90,54.28,0.4,0,0
397,0,0,186,0,1040,734,28,36.94,0.468513854,0,0
281,0,0,186,0,1104,774,7,14.5,0.661921708,0,0
281,0,0,185,0,1104,774,28,22.44,0.658362989,0,0
500,0,0,200,0,1125,613,1,12.64,0.4,0,0
500,0,0,200,0,1125,613,3,26.06,0.4,0,0
500,0,0,200,0,1125,613,7,33.21,0.4,0,0
500,0,0,200,0,1125,613,14,36.94,0.4,0,0
500,0,0,200,0,1125,613,28,44.09,0.4,0,0
540,0,0,173,0,1125,613,7,52.61,0.32037037,0,0
540,0,0,173,0,1125,613,14,59.76,0.32037037,0,0
540,0,0,173,0,1125,613,28,67.31,0.32037037,0,0
540,0,0,173,0,1125,613,90,69.66,0.32037037,0,0
540,0,0,173,0,1125,613,180,71.62,0.32037037,0,0
540,0,0,173,0,1125,613,270,74.17,0.32037037,0,0
350,0,0,203,0,974,775,7,18.13,0.58,0,0
350,0,0,203,0,974,775,14,22.53,0.58,0,0
350,0,0,203,0,974,775,28,27.34,0.58,0,0
350,0,0,203,0,974,775,56,29.98,0.58,0,0
350,0,0,203,0,974,775,90,31.35,0.58,0,0
350,0,0,203,0,974,775,180,32.72,0.58,0,0
385,0,0,186,0,966,763,1,6.27,0.483116883,0,0
385,0,0,186,0,966,763,3,14.7,0.483116883,0,0
385,0,0,186,0,966,763,7,23.22,0.483116883,0,0
385,0,0,186,0,966,763,14,27.92,0.483116883,0,0
385,0,0,186,0,966,763,28,31.35,0.483116883,0,0
331,0,0,192,0,978,825,180,39,0.580060423,0,0
331,0,0,192,0,978,825,360,41.24,0.580060423,0,0
349,0,0,192,0,1047,806,3,14.99,0.550143266,0,0
331,0,0,192,0,978,825,3,13.52,0.580060423,0,0
382,0,0,186,0,1047,739,7,24,0.486910995,0,0
382,0,0,186,0,1047,739,28,37.42,0.486910995,0,0
382,0,0,186,0,1111,784,7,11.47,0.486910995,0,0
281,0,0,186,0,1104,774,28,22.44,0.661921708,0,0
339,0,0,185,0,1069,754,7,21.16,0.545722714,0,0
339,0,0,185,0,1069,754,28,31.84,0.545722714,0,0
295,0,0,185,0,1069,769,7,14.8,0.627118644,0,0
295,0,0,185,0,1069,769,28,25.18,0.627118644,0,0
238,0,0,185,0,1118,789,28,17.54,0.777310924,0,0
296,0,0,192,0,1085,765,7,14.2,0.648648649,0,0
296,0,0,192,0,1085,765,28,21.65,0.648648649,0,0
296,0,0,192,0,1085,765,90,29.39,0.648648649,0,0
331,0,0,192,0,879,825,3,13.52,0.580060423,0,0
331,0,0,192,0,978,825,7,16.26,0.580060423,0,0
331,0,0,192,0,978,825,28,31.45,0.580060423,0,0
331,0,0,192,0,978,825,90,37.23,0.580060423,0,0
349,0,0,192,0,1047,806,7,18.13,0.550143266,0,0
349,0,0,192,0,1047,806,28,32.72,0.550143266,0,0
349,0,0,192,0,1047,806,90,39.49,0.550143266,0,0
349,0,0,192,0,1047,806,180,41.05,0.550143266,0,0
349,0,0,192,0,1047,806,360,42.13,0.550143266,0,0
302,0,0,203,0,974,817,14,18.13,0.67218543,0,0
302,0,0,203,0,974,817,180,26.74,0.67218543,0,0
525,0,0,189,0,1125,613,180,61.92,0.36,0,0
500,0,0,200,0,1125,613,90,47.22,0.4,0,0
500,0,0,200,0,1125,613,180,51.04,0.4,0,0
500,0,0,200,0,1125,613,270,55.16,0.4,0,0
540,0,0,173,0,1125,613,3,41.64,0.32037037,0,0
252,0,0,185,0,1111,784,7,13.71,0.734126984,0,0
252,0,0,185,0,1111,784,28,19.69,0.734126984,0,0
339,0,0,185,0,1060,754,28,31.65,0.545722714,0,0
393,0,0,192,0,940,758,3,19.11,0.488549618,0,0
393,0,0,192,0,940,758,28,39.58,0.488549618,0,0
393,0,0,192,0,940,758,90,48.79,0.488549618,0,0
382,0,0,185,0,1047,739,7,24,0.484293194,0,0
382,0,0,185,0,1047,739,28,37.42,0.484293194,0,0
252,0,0,186,0,1111,784,7,11.47,0.738095238,0,0
252,0,0,185,0,1111,784,28,19.69,0.734126984,0,0
310,0,0,192,0,970,850,7,14.99,0.619354839,0,0
310,0,0,192,0,970,850,28,27.92,0.619354839,0,0
310,0,0,192,0,970,850,90,34.68,0.619354839,0,0
310,0,0,192,0,970,850,180,37.33,0.619354839,0,0
310,0,0,192,0,970,850,360,38.11,0.619354839,0,0
525,0,0,189,0,1125,613,3,33.8,0.36,0,0
525,0,0,189,0,1125,613,7,42.42,0.36,0,0
525,0,0,189,0,1125,613,14,48.4,0.36,0,0
525,0,0,189,0,1125,613,28,55.94,0.36,0,0
525,0,0,189,0,1125,613,90,58.78,0.36,0,0
525,0,0,189,0,1125,613,270,67.11,0.36,0,0
322,0,0,203,0,974,800,14,20.77,0.630434783,0,0
322,0,0,203,0,974,800,28,25.18,0.630434783,0,0
322,0,0,203,0,974,800,180,29.59,0.630434783,0,0
302,0,0,203,0,974,817,28,21.75,0.67218543,0,0
397,0,0,185,0,1040,734,28,39.09,0.465994962,0,0
480,0,0,192,0,936,721,3,24.39,0.4,0,0
522,0,0,146,0,896,896,7,50.51,0.279693487,0,0
522,0,0,146,0,896,896,28,74.99,0.279693487,0,0
273,105,82,210,9,904,680,28,37.17,0.769230769,0.384615385,0.3003663
162,190,148,179,19,838,741,28,33.76,1.104938272,1.172839506,0.913580247
154,144,112,220,10,923,658,28,16.5,1.428571429,0.935064935,0.727272727
147,115,89,202,9,860,829,28,19.99,1.37414966,0.782312925,0.605442177
152,178,139,168,18,944,695,28,36.35,1.105263158,1.171052632,0.914473684
310,143,111,168,22,914,651,28,33.69,0.541935484,0.461290323,0.358064516
144,0,175,158,18,943,844,28,15.42,1.097222222,0,1.215277778
304,140,0,214,6,895,722,28,33.42,0.703947368,0.460526316,0
374,0,0,190,7,1013,730,28,39.05,0.50802139,0,0
159,149,116,175,15,953,720,28,27.68,1.100628931,0.937106918,0.729559748
153,239,0,200,6,1002,684,28,26.86,1.307189542,1.562091503,0
310,143,0,168,10,914,804,28,45.3,0.541935484,0.461290323,0
305,0,100,196,10,959,705,28,30.12,0.642622951,0,0.327868852
151,0,184,167,12,991,772,28,15.57,1.105960265,0,1.218543046
142,167,130,174,11,883,785,28,44.61,1.225352113,1.176056338,0.915492958
298,137,107,201,6,878,655,28,53.52,0.674496644,0.459731544,0.359060403
321,164,0,190,5,870,774,28,57.21,0.591900312,0.510903427,0
366,187,0,191,7,824,757,28,65.91,0.521857923,0.510928962,0
280,129,100,172,9,825,805,28,52.82,0.614285714,0.460714286,0.357142857
252,97,76,194,8,835,821,28,33.4,0.76984127,0.384920635,0.301587302
165,0,150,182,12,1023,729,28,18.03,1.103030303,0,0.909090909
156,243,0,180,11,1022,698,28,37.36,1.153846154,1.557692308,0
160,188,146,203,11,829,710,28,32.84,1.26875,1.175,0.9125
298,0,107,186,6,879,815,28,42.64,0.624161074,0,0.359060403
318,0,126,210,6,861,737,28,40.06,0.660377358,0,0.396226415
287,121,94,188,9,904,696,28,41.94,0.655052265,0.421602787,0.327526132
326,166,0,174,9,882,790,28,61.23,0.533742331,0.509202454,0
356,0,142,193,11,801,778,28,40.87,0.542134831,0,0.398876404
132,207,161,179,5,867,736,28,33.3,1.356060606,1.568181818,1.21969697
322,149,0,186,8,951,709,28,52.42,0.577639752,0.462732919,0
164,0,200,181,13,849,846,28,15.09,1.103658537,0,1.219512195
314,0,113,170,10,925,783,28,38.46,0.541401274,0,0.359872611
321,0,128,182,11,870,780,28,37.26,0.566978193,0,0.398753894
140,164,128,237,6,869,656,28,35.23,1.692857143,1.171428571,0.914285714
288,121,0,177,7,908,829,28,42.13,0.614583333,0.420138889,0
298,0,107,210,11,880,744,28,31.87,0.704697987,0,0.359060403
265,111,86,195,6,833,790,28,41.54,0.735849057,0.418867925,0.324528302
160,250,0,168,12,1049,688,28,39.45,1.05,1.5625,0
166,260,0,183,13,859,827,28,37.91,1.102409639,1.56626506,0
276,116,90,180,9,870,768,28,44.28,0.652173913,0.420289855,0.326086957
322,0,116,196,10,818,813,28,31.18,0.608695652,0,0.360248447
149,139,109,193,6,892,780,28,23.69,1.295302013,0.932885906,0.731543624
159,187,0,176,11,990,789,28,32.76,1.106918239,1.176100629,0
261,100,78,201,9,864,761,28,32.4,0.770114943,0.383141762,0.298850575
237,92,71,247,6,853,695,28,28.63,1.042194093,0.388185654,0.299578059
313,0,113,178,8,1002,689,28,36.8,0.568690096,0,0.361022364
155,183,0,193,9,1047,697,28,18.28,1.24516129,1.180645161,0
146,230,0,202,3,827,872,28,33.06,1.383561644,1.575342466,0
296,0,107,221,11,819,778,28,31.42,0.746621622,0,0.361486486
133,210,0,196,3,949,795,28,31.03,1.473684211,1.578947368,0
313,145,0,178,8,867,824,28,44.39,0.568690096,0.463258786,0
152,0,112,184,8,992,816,28,12.18,1.210526316,0,0.736842105
153,145,113,178,8,1002,689,28,25.56,1.163398693,0.947712418,0.738562092
140,133,103,200,7,916,753,28,36.44,1.428571429,0.95,0.735714286
149,236,0,176,13,847,893,28,32.96,1.181208054,1.583892617,0
300,0,120,212,10,878,728,28,23.84,0.706666667,0,0.4
153,145,113,178,8,867,824,28,26.23,1.163398693,0.947712418,0.738562092
148,0,137,158,16,1002,830,28,17.95,1.067567568,0,0.925675676
326,0,138,199,11,801,792,28,40.68,0.610429448,0,0.423312883
153,145,0,178,8,1000,822,28,19.01,1.163398693,0.947712418,0
262,111,86,195,5,895,733,28,33.72,0.744274809,0.423664122,0.328244275
158,0,195,220,11,898,713,28,8.54,1.392405063,0,1.234177215
151,0,185,167,16,1074,678,28,13.46,1.105960265,0,1.225165563
273,0,90,199,11,931,762,28,32.24,0.728937729,0,0.32967033
149,118,92,183,7,953,780,28,23.52,1.228187919,0.791946309,0.617449664
143,169,143,191,8,967,643,28,29.72,1.335664336,1.181818182,1
260,101,78,171,10,936,763,28,49.77,0.657692308,0.388461538,0.3
313,161,0,178,10,917,759,28,52.44,0.568690096,0.514376997,0
284,120,0,168,7,970,794,28,40.93,0.591549296,0.422535211,0
336,0,0,182,3,986,817,28,44.86,0.541666667,0,0
145,0,134,181,11,979,812,28,13.2,1.248275862,0,0.924137931
150,237,0,174,12,1069,675,28,37.43,1.16,1.58,0
144,170,133,192,8,814,805,28,29.87,1.333333333,1.180555556,0.923611111
331,170,0,195,8,811,802,28,56.61,0.589123867,0.513595166,0
155,0,143,193,9,1047,697,28,12.46,1.24516129,0,0.922580645
155,183,0,193,9,877,868,28,23.79,1.24516129,1.180645161,0
135,0,166,180,10,961,805,28,13.29,1.333333333,0,1.22962963
266,112,87,178,10,910,745,28,39.42,0.669172932,0.421052632,0.327067669
314,145,113,179,8,869,690,28,46.23,0.570063694,0.461783439,0.359872611
313,145,0,127,8,1000,822,28,44.52,0.405750799,0.463258786,0
146,173,0,182,3,986,817,28,23.74,1.246575342,1.184931507,0
144,136,106,178,7,941,774,28,26.14,1.236111111,0.944444444,0.736111111
148,0,182,181,15,839,884,28,15.52,1.222972973,0,1.22972973
277,117,91,191,7,946,666,28,43.57,0.689530686,0.422382671,0.328519856
298,0,107,164,13,953,784,28,35.86,0.55033557,0,0.359060403
313,145,0,178,8,1002,689,28,41.05,0.568690096,0.463258786,0
155,184,143,194,9,880,699,28,28.99,1.251612903,1.187096774,0.922580645
289,134,0,195,6,924,760,28,46.24,0.674740484,0.46366782,0
148,175,0,171,2,1000,828,28,26.92,1.155405405,1.182432432,0
145,0,179,202,8,824,869,28,10.54,1.393103448,0,1.234482759
313,0,0,178,8,1000,822,28,25.1,0.568690096,0,0
136,162,126,172,10,923,764,28,29.07,1.264705882,1.191176471,0.926470588
155,0,143,193,9,877,868,28,9.74,1.24516129,0,0.922580645
255,99,77,189,6,919,749,28,33.8,0.741176471,0.388235294,0.301960784
162,207,172,216,10,822,638,28,39.84,1.333333333,1.277777778,1.061728395
136,196,98,199,6,847,783,28,26.97,1.463235294,1.441176471,0.720588235
164,163,128,197,8,961,641,28,27.23,1.201219512,0.993902439,0.780487805
162,214,164,202,10,820,680,28,30.65,1.24691358,1.320987654,1.012345679
157,214,152,200,9,819,704,28,33.05,1.27388535,1.363057325,0.968152866
149,153,194,192,8,935,623,28,24.58,1.288590604,1.026845638,1.302013423
135,105,193,196,6,965,643,28,21.91,1.451851852,0.777777778,1.42962963
159,209,161,201,7,848,669,28,30.88,1.264150943,1.314465409,1.012578616
144,15,195,176,6,1021,709,28,15.34,1.222222222,0.104166667,1.354166667
154,174,185,228,7,845,612,28,24.34,1.480519481,1.12987013,1.201298701
167,187,195,185,7,898,636,28,23.89,1.107784431,1.119760479,1.167664671
184,86,190,213,6,923,623,28,22.93,1.157608696,0.467391304,1.032608696
156,178,187,221,7,854,614,28,29.41,1.416666667,1.141025641,1.198717949
236.9,91.7,71.5,246.9,6,852.9,695.4,28,28.63,1.042211904,0.387083157,0.301815112
313.3,0,113,178.5,8,1001.9,688.7,28,36.8,0.569741462,0,0.360676668
154.8,183.4,0,193.3,9.1,1047.4,696.7,28,18.29,1.24870801,1.184754522,0
145.9,230.5,0,202.5,3.4,827,871.8,28,32.72,1.387936943,1.579849212,0
296,0,106.7,221.4,10.5,819.2,778.4,28,31.42,0.747972973,0,0.360472973
133.1,210.2,0,195.7,3.1,949.4,795.3,28,28.94,1.470323065,1.579263711,0
313.3,145,0,178.5,8,867.2,824,28,40.93,0.569741462,0.462815193,0
151.6,0,111.9,184.4,7.9,992,815.9,28,12.18,1.216358839,0,0.738126649
153.1,145,113,178.5,8,1001.9,688.7,28,25.56,1.165904637,0.947093403,0.738079686
139.9,132.6,103.3,200.3,7.4,916,753.4,28,36.44,1.431736955,0.947819871,0.73838456
149.5,236,0,175.8,12.6,846.8,892.7,28,32.96,1.175919732,1.578595318,0
299.8,0,119.8,211.5,9.9,878.2,727.6,28,23.84,0.705470314,0,0.399599733
153.1,145,113,178.5,8,867.2,824,28,26.23,1.165904637,0.947093403,0.738079686
148.1,0,136.6,158.1,16.1,1001.8,830.1,28,17.96,1.067521945,0,0.922349764
326.5,0,137.9,199,10.8,801.1,792.5,28,38.63,0.60949464,0,0.422358346
152.7,144.7,0,178.1,8,999.7,822.2,28,19.01,1.166339227,0.947609692,0
261.9,110.5,86.1,195.4,5,895.2,732.6,28,33.72,0.746086292,0.421916762,0.328751432
158.4,0,194.9,219.7,11,897.7,712.9,28,8.54,1.386994949,0,1.230429293
150.7,0,185.3,166.7,15.6,1074.5,678,28,13.46,1.106171201,0,1.229595222
272.6,0,89.6,198.7,10.6,931.3,762.2,28,32.25,0.728906823,0,0.32868672
149,117.6,91.7,182.9,7.1,953.4,780.3,28,23.52,1.227516779,0.789261745,0.615436242
143,169.4,142.7,190.7,8.4,967.4,643.5,28,29.73,1.333566434,1.184615385,0.997902098
259.9,100.6,78.4,170.6,10.4,935.7,762.9,28,49.77,0.65640631,0.387071951,0.301654482
312.9,160.5,0,177.6,9.6,916.6,759.5,28,52.45,0.56759348,0.512943432,0
284,119.7,0,168.3,7.2,970.4,794.2,28,40.93,0.592605634,0.421478873,0
336.5,0,0,181.9,3.4,985.8,816.8,28,44.87,0.540564636,0,0
144.8,0,133.6,180.8,11.1,979.5,811.5,28,13.2,1.248618785,0,0.922651934
150,236.8,0,173.8,11.9,1069.3,674.8,28,37.43,1.158666667,1.578666667,0
143.7,170.2,132.6,191.6,8.5,814.1,805.3,28,29.87,1.333333333,1.184411969,0.922755741
330.5,169.6,0,194.9,8.1,811,802.3,28,56.62,0.589712557,0.513161876,0
154.8,0,142.8,193.3,9.1,1047.4,696.7,28,12.46,1.24870801,0,0.92248062
154.8,183.4,0,193.3,9.1,877.2,867.7,28,23.79,1.24870801,1.184754522,0
134.7,0,165.7,180.2,10,961,804.9,28,13.29,1.337787676,0,1.230141054
266.2,112.3,87.5,177.9,10.4,909.7,744.5,28,39.42,0.668294515,0.421863261,0.328700225
314,145.3,113.2,178.9,8,869.1,690.2,28,46.23,0.569745223,0.462738854,0.360509554
312.7,144.7,0,127.3,8,999.7,822.2,28,44.52,0.407099456,0.462743844,0
145.7,172.6,0,181.9,3.4,985.8,816.8,28,23.74,1.248455731,1.184625944,0
143.8,136.3,106.2,178.1,7.5,941.5,774.3,28,26.15,1.23852573,0.947844228,0.73852573
148.1,0,182.1,181.4,15,838.9,884.3,28,15.53,1.224848076,0,1.229574612
277,116.8,91,190.6,7,946.5,665.6,28,43.58,0.688086643,0.42166065,0.328519856
298.1,0,107.5,163.6,12.8,953.2,784,28,35.87,0.548809124,0,0.360617243
313.3,145,0,178.5,8,1001.9,688.7,28,41.05,0.569741462,0.462815193,0
155.2,183.9,143.2,193.8,9.2,879.6,698.5,28,28.99,1.24871134,1.18492268,0.922680412
289,133.7,0,194.9,5.5,924.1,760.1,28,46.25,0.674394464,0.462629758,0
147.8,175.1,0,171.2,2.2,1000,828.5,28,26.92,1.158322057,1.184709066,0
145.4,0,178.9,201.7,7.8,824,868.7,28,10.54,1.387207703,0,1.2303989
312.7,0,0,178.1,8,999.7,822.2,28,25.1,0.569555484,0,0
136.4,161.6,125.8,171.6,10.4,922.6,764.4,28,29.07,1.258064516,1.184750733,0.92228739
154.8,0,142.8,193.3,9.1,877.2,867.7,28,9.74,1.24870801,0,0.92248062
255.3,98.8,77,188.6,6.5,919,749.3,28,33.8,0.738738739,0.386995691,0.301605954
272.8,105.1,81.8,209.7,9,904,679.7,28,37.17,0.768695015,0.38526393,0.299853372
162,190.1,148.1,178.8,18.8,838.1,741.4,28,33.76,1.103703704,1.17345679,0.914197531
153.6,144.2,112.3,220.1,10.1,923.2,657.9,28,16.5,1.432942708,0.938802083,0.731119792
146.5,114.6,89.3,201.9,8.8,860,829.5,28,19.99,1.378156997,0.78225256,0.609556314
151.8,178.1,138.7,167.5,18.3,944,694.6,28,36.35,1.10342556,1.173254282,0.91370224
309.9,142.8,111.2,167.8,22.1,913.9,651.2,28,38.22,0.541464989,0.460793804,0.358825428
143.6,0,174.9,158.4,17.9,942.7,844.5,28,15.42,1.103064067,0,1.217966574
303.6,139.9,0,213.5,6.2,895.5,722.5,28,33.42,0.703227931,0.460803689,0
374.3,0,0,190.2,6.7,1013.2,730.4,28,39.06,0.508148544,0,0
158.6,148.9,116,175.1,15,953.3,719.7,28,27.68,1.104035309,0.938839849,0.731399748
152.6,238.7,0,200,6.3,1001.8,683.9,28,26.86,1.31061599,1.564220183,0
310,142.8,0,167.9,10,914.3,804,28,45.3,0.541612903,0.460645161,0
304.8,0,99.6,196,9.8,959.4,705.2,28,30.12,0.643044619,0,0.326771654
150.9,0,183.9,166.6,11.6,991.2,772.2,28,15.57,1.104042412,0,1.218687873
141.9,166.6,129.7,173.5,10.9,882.6,785.3,28,44.61,1.222692037,1.174066244,0.914023961
297.8,137.2,106.9,201.3,6,878.4,655.3,28,53.52,0.675957018,0.460711887,0.358965749
321.3,164.2,0,190.5,4.6,870,774,28,57.22,0.592903828,0.511048864,0
366,187,0,191.3,6.6,824.3,756.9,28,65.91,0.522677596,0.510928962,0
279.8,128.9,100.4,172.4,9.5,825.1,804.9,28,52.83,0.616154396,0.460686204,0.358827734
252.1,97.1,75.6,193.8,8.3,835.5,821.4,28,33.4,0.768742562,0.385164617,0.299881
164.6,0,150.4,181.6,11.7,1023.3,728.9,28,18.03,1.10328068,0,0.913730255
155.6,243.5,0,180.3,10.7,1022,697.7,28,37.36,1.15874036,1.564910026,0
160.2,188,146.4,203.2,11.3,828.7,709.7,28,35.31,1.268414482,1.173533084,0.913857678
298.1,0,107,186.4,6.1,879,815.2,28,42.64,0.625293526,0,0.358939953
317.9,0,126.5,209.7,5.7,860.5,736.6,28,40.06,0.659641397,0,0.397923875
287.3,120.5,93.9,187.6,9.2,904.4,695.9,28,43.8,0.652975983,0.419422207,0.32683606
325.6,166.4,0,174,8.9,881.6,790,28,61.24,0.534398034,0.511056511,0
355.9,0,141.6,193.3,11,801.4,778.4,28,40.87,0.543130093,0,0.397864569
132,206.5,160.9,178.9,5.5,866.9,735.6,28,33.31,1.35530303,1.564393939,1.218939394
322.5,148.6,0,185.8,8.5,951,709.5,28,52.43,0.576124031,0.460775194,0
164.2,0,200.1,181.2,12.6,849.3,846,28,15.09,1.103532278,0,1.21863581
313.8,0,112.6,169.9,10.1,925.3,782.9,28,38.46,0.541427661,0,0.358827279
321.4,0,127.9,182.5,11.5,870.1,779.7,28,37.27,0.567828251,0,0.397946484
139.7,163.9,127.7,236.7,5.8,868.6,655.6,28,35.23,1.694345025,1.173228346,0.914101646
288.4,121,0,177.4,7,907.9,829.5,28,42.14,0.615117892,0.419556172,0
298.2,0,107,209.7,11.1,879.6,744.2,28,31.88,0.703219316,0,0.358819584
264.5,111,86.5,195.5,5.9,832.6,790.4,28,41.54,0.739130435,0.419659735,0.327032136
159.8,250,0,168.4,12.2,1049.3,688.2,28,39.46,1.053817272,1.564455569,0
166,259.7,0,183.2,12.7,858.8,826.8,28,37.92,1.103614458,1.564457831,0
276.4,116,90.3,179.6,8.9,870.1,768.3,28,44.28,0.649782923,0.419681621,0.326700434
322.2,0,115.6,196,10.4,817.9,813.4,28,31.18,0.608317815,0,0.358783364
148.5,139.4,108.6,192.7,6.1,892.4,780,28,23.7,1.297643098,0.938720539,0.731313131
159.1,186.7,0,175.6,11.3,989.6,788.9,28,32.77,1.10370836,1.173475801,0
260.9,100.5,78.3,200.6,8.6,864.5,761.5,28,32.4,0.768876964,0.385205059,0.300114987
